{"val_metrics": {"val_mae": 0.3066, "val_mse": 0.2112, "val_pearson_r": 0.9998, "val_r2": 0.9995, "val_loss": 0.2112}, "train_metrics": {"train_mae": 0.3552, "train_mse": 0.2782, "train_pearson_r": 0.9996, "train_r2": 0.9993, "train_loss": 0.2781}, "time_metrics": {"training_time": "0:36:44.051660", "time/step": "0:00:00.015654", "time/epoch": "0:00:05.510129"}}