{"val_metrics": {"val_mae": 7.8687, "val_mse": 113.1065, "val_pearson_r": 0.8482, "val_r2": 0.7155, "val_loss": 113.1035}, "train_metrics": {"train_mae": 7.9308, "train_mse": 112.7321, "train_pearson_r": 0.8436, "train_r2": 0.7117, "train_loss": 112.7301}, "time_metrics": {"training_time": "0:30:25.612279", "time/step": "0:00:00.012966", "time/epoch": "0:00:04.564031"}}