{"val_metrics": {"val_mae": 0.0886, "val_mse": 0.0247, "val_pearson_r": 0.988, "val_r2": 0.9761, "val_loss": 0.0247}, "train_metrics": {"train_mae": 0.0839, "train_mse": 0.0181, "train_pearson_r": 0.9912, "train_r2": 0.9824, "train_loss": 0.0181}, "time_metrics": {"training_time": "0:35:53.886010", "time/step": "0:00:00.015297", "time/epoch": "0:00:05.384715"}}