{"val_metrics": {"val_mae": 3.9295, "val_mse": 34.662, "val_pearson_r": 0.9557, "val_r2": 0.9128, "val_loss": 34.6559}, "train_metrics": {"train_mae": 3.8137, "train_mse": 32.0083, "train_pearson_r": 0.9582, "train_r2": 0.9181, "train_loss": 32.0074}, "time_metrics": {"training_time": "0:34:46.537968", "time/step": "0:00:00.014819", "time/epoch": "0:00:05.216345"}}